{
  "accuracy": 0.8358201523626164,
  "auc": 0.9287373505431831,
  "precision_per_class": {
    "Safe": 0.8538917507585915,
    "Vulnerable": 0.8197687172897928
  },
  "recall_per_class": {
    "Safe": 0.8079927884615384,
    "Vulnerable": 0.8633288227334236
  },
  "f1_per_class": {
    "Safe": 0.8303084365457851,
    "Vulnerable": 0.8409850823045267
  },
  "confusion_matrix": [
    [
      24201,
      5751
    ],
    [
      4141,
      26158
    ]
  ],
  "report": {
    "Safe": {
      "precision": 0.8538917507585915,
      "recall": 0.8079927884615384,
      "f1-score": 0.8303084365457851,
      "support": 29952.0
    },
    "Vulnerable": {
      "precision": 0.8197687172897928,
      "recall": 0.8633288227334236,
      "f1-score": 0.8409850823045267,
      "support": 30299.0
    },
    "accuracy": 0.8358201523626164,
    "macro avg": {
      "precision": 0.8368302340241922,
      "recall": 0.835660805597481,
      "f1-score": 0.835646759425156,
      "support": 60251.0
    },
    "weighted avg": {
      "precision": 0.8367319726458444,
      "recall": 0.8358201523626164,
      "f1-score": 0.8356775041105411,
      "support": 60251.0
    }
  },
  "paper_metrics": {
    "HY-ALL": {
      "FPR": 0.19200721153846154,
      "FNR": 0.13667117726657646,
      "TPR": 0.8633288227334236,
      "Precision": 0.8197687172897928,
      "F1": 0.8409850823045267,
      "TP": 26158,
      "FP": 5751,
      "FN": 4141,
      "TN": 24201
    },
    "BE-ALL": {
      "FPR": 0.1792958285495599,
      "FNR": 0.13399668325041458,
      "TPR": 0.8660033167495854,
      "Precision": 0.8298297389330307,
      "F1": 0.8475307210758173,
      "TP": 18277,
      "FP": 3748,
      "FN": 2828,
      "TN": 17156
    },
    "RM-ALL": {
      "FPR": 0.22137488947833775,
      "FNR": 0.14281052860561236,
      "TPR": 0.8571894713943876,
      "Precision": 0.797349251315257,
      "F1": 0.8261872313659714,
      "TP": 7881,
      "FP": 2003,
      "FN": 1313,
      "TN": 7045
    }
  },
  "per_cwe": {
    "CWE-119": {
      "precision": 0.8298297389330307,
      "recall": 0.8660033167495854,
      "f1": 0.8475307210758173
    },
    "CWE-399": {
      "precision": 0.797349251315257,
      "recall": 0.8571894713943876,
      "f1": 0.8261872313659713
    }
  },
  "per_cwe_pretty": [
    "CWE-119 (Buffer errors)\n",
    "F1-score: 0.85\n",
    "Precision: 0.83\n",
    "Recall: 0.87\n",
    "CWE-399 (Resource management errors)\n",
    "F1-score: 0.83\n",
    "Precision: 0.80\n",
    "Recall: 0.86\n",
    "\n2. Average results across datasets\n",
    "Average Precision: 0.814\n",
    "Average Recall: 0.862\n",
    "Average F1-score: 0.837\n"
  ]
}